1,728-1052-1-ND,B401
6,399-C0402C103J5RAC7867CT-ND,C205 C1205 C1305 C2105 C2705 C3205
6,399-11617-1-ND,C206 C1206 C1306 C2106 C2706 C3206
24,399-C0402C104K4RAC7411CT-ND,C208 C611 C704 C901 C910 C1122 C1155 C1208 C1308 C1804 C2108 C2322 C2355 C2411 C2501 C2510 C2708 C2804 C2901 C2910 C3208 C3322 C3355 C3411
1,399-C0402C470J5GAC7867CT-ND,C401
10,399-C0402C105K9PAC7800CT-ND,C436 C438 C501 C505 C1001 C1005 C1901 C1905 C3001 C3005
2,641-1332-1-ND,D338 D401
3,754-1123-1-ND,D1001 D1905 D3001
0,754-1956-1-ND,D1401 D1601
2,664-12402072E512ACT-ND,J101 J1401 J1402 J1601 J1602
0,839-10-03674-ND,J1403 J1603
1,CONSMA003.062-ND,J401
1,445-180949-1-ND,L401
0,SSM6N24TULFCT-ND,Q801 Q2001 Q3101
12,P5.1KJCT-ND,R101 R102 R301 R302 R436 R801 R802 R2001 R2002 R3101 R3102 R3502
1,Y5222CT-ND,R116
2,Y7222CT-ND,R138 R3501
2,P27JCT-ND,R407 R453
1,P100KJCT-ND,R438
1,741C083270JPCT-ND,R439
2,P330JCT-ND,R1401 R1601
2,P1.0KJCT-ND,R1402 R1602
1,EG4561-ND,S3501
0,1568-DEV-16771-ND,U104
0,1428-ICM-42688-PCT-ND,U201 U1201 U1301 U2101 U2701 U3201
1,497-4492-1-ND,U301
0,672-ZED-F9R-02BCT-ND,U401
1,TCR2EF33LM(CTCT-ND,U501
0,974-1155-1-ND,U601 U2401 U3401
0,TLE493DW2B6A3HTSA1CT-ND,U704 U1801 U2801
0,828-BMP384CT-ND,U901 U2501 U2901
3,TCR2EF18LM(CTCT-ND,U1001 U1901 U3001
0,828-1044-1-ND,U1101 U2201 U3301
1,672-ANN-MB-00-00-ND,Y401
1,1568-1527-ND,U105
